seq,stage,name,prefix,task,tags,object_cell,object_offset_cm,target,target_offset_cm,light,distractor,recipe,what_to_do,result,discard_reason,duration_s,frames,hz,max_step_deg,notes
1,0,test_001,test,pick up the object,test,p5,"reach +0, across +0",,,,,R-PICK,"Pipeline check, not for training. Time it from Space to Space.",,,,,,,
2,0,test_002,test,pick up the object,test,p5,"reach +0, across +0",,,,,R-PICK,"Pipeline check, not for training. Time it from Space to Space.",,,,,,,
3,0,test_003,test,pick up the object,test,p5,"reach +0, across +0",,,,,R-PICK,"Pipeline check, not for training. Time it from Space to Space.",,,,,,,
4,1,s1_p5_001,s1_p5,pick up the object,"stage1,p5",p5,"reach +0, across +0",,,,,R-PICK,"Object on the P0 mark. Same start pose, same approach every time.",,,,,,,
5,1,s1_p5_002,s1_p5,pick up the object,"stage1,p5",p5,"reach +0, across +0",,,,,R-PICK,"Object on the P0 mark. Same start pose, same approach every time.",,,,,,,
6,1,s1_p5_003,s1_p5,pick up the object,"stage1,p5",p5,"reach +0, across +0",,,,,R-PICK,"Object on the P0 mark. Same start pose, same approach every time.",,,,,,,
7,1,s1_p5_004,s1_p5,pick up the object,"stage1,p5",p5,"reach +0, across +0",,,,,R-PICK,"Object on the P0 mark. Same start pose, same approach every time.",,,,,,,
8,1,s1_p5_005,s1_p5,pick up the object,"stage1,p5",p5,"reach +0, across +0",,,,,R-PICK,"Object on the P0 mark. Same start pose, same approach every time.",,,,,,,
9,1,s1_p5_006,s1_p5,pick up the object,"stage1,p5",p5,"reach +0, across +0",,,,,R-PICK,"Object on the P0 mark. Same start pose, same approach every time.",,,,,,,
10,1,s1_p5_007,s1_p5,pick up the object,"stage1,p5",p5,"reach +0, across +0",,,,,R-PICK,"Object on the P0 mark. Same start pose, same approach every time.",,,,,,,
11,1,s1_p5_008,s1_p5,pick up the object,"stage1,p5",p5,"reach +0, across +0",,,,,R-PICK,"Object on the P0 mark. Same start pose, same approach every time.",,,,,,,
12,1,s1_p5_009,s1_p5,pick up the object,"stage1,p5",p5,"reach +0, across +0",,,,,R-PICK,"Object on the P0 mark. Same start pose, same approach every time.",,,,,,,
13,1,s1_p5_010,s1_p5,pick up the object,"stage1,p5",p5,"reach +0, across +0",,,,,R-PICK,"Object on the P0 mark. Same start pose, same approach every time.",,,,,,,
14,1,s1_p5_011,s1_p5,pick up the object,"stage1,p5",p5,"reach +0, across +0",,,,,R-PICK,"Object on the P0 mark. Same start pose, same approach every time.",,,,,,,
15,1,s1_p5_012,s1_p5,pick up the object,"stage1,p5",p5,"reach +0, across +0",,,,,R-PICK,"Object on the P0 mark. Same start pose, same approach every time.",,,,,,,
16,1,s1_p5_013,s1_p5,pick up the object,"stage1,p5",p5,"reach +0, across +0",,,,,R-PICK,"Object on the P0 mark. Same start pose, same approach every time.",,,,,,,
17,1,s1_p5_014,s1_p5,pick up the object,"stage1,p5",p5,"reach +0, across +0",,,,,R-PICK,"Object on the P0 mark. Same start pose, same approach every time.",,,,,,,
18,1,s1_p5_015,s1_p5,pick up the object,"stage1,p5",p5,"reach +0, across +0",,,,,R-PICK,"Object on the P0 mark. Same start pose, same approach every time.",,,,,,,
19,1,s1_p5_016,s1_p5,pick up the object,"stage1,p5",p5,"reach +0, across +0",,,,,R-PICK,"Object on the P0 mark. Same start pose, same approach every time.",,,,,,,
20,1,s1_p5_017,s1_p5,pick up the object,"stage1,p5",p5,"reach +0, across +0",,,,,R-PICK,"Object on the P0 mark. Same start pose, same approach every time.",,,,,,,
21,1,s1_p5_018,s1_p5,pick up the object,"stage1,p5",p5,"reach +0, across +0",,,,,R-PICK,"Object on the P0 mark. Same start pose, same approach every time.",,,,,,,
22,1,s1_p5_019,s1_p5,pick up the object,"stage1,p5",p5,"reach +0, across +0",,,,,R-PICK,"Object on the P0 mark. Same start pose, same approach every time.",,,,,,,
23,1,s1_p5_020,s1_p5,pick up the object,"stage1,p5",p5,"reach +0, across +0",,,,,R-PICK,"Object on the P0 mark. Same start pose, same approach every time.",,,,,,,
24,1,s1_p5_021,s1_p5,pick up the object,"stage1,p5",p5,"reach +0, across +0",,,,,R-PICK,"Object on the P0 mark. Same start pose, same approach every time.",,,,,,,
25,1,s1_p5_022,s1_p5,pick up the object,"stage1,p5",p5,"reach +0, across +0",,,,,R-PICK,"Object on the P0 mark. Same start pose, same approach every time.",,,,,,,
26,1,s1_p5_023,s1_p5,pick up the object,"stage1,p5",p5,"reach +0, across +0",,,,,R-PICK,"Object on the P0 mark. Same start pose, same approach every time.",,,,,,,
27,1,s1_p5_024,s1_p5,pick up the object,"stage1,p5",p5,"reach +0, across +0",,,,,R-PICK,"Object on the P0 mark. Same start pose, same approach every time.",,,,,,,
28,1,s1_p5_025,s1_p5,pick up the object,"stage1,p5",p5,"reach +0, across +0",,,,,R-PICK,"Object on the P0 mark. Same start pose, same approach every time.",,,,,,,
29,2,s2_p2_001,s2_p2,pick up the object,"stage2,p2",p2,"reach -6, across +0",,,,,R-PICK,"Object on cell p2 (reach -6, across +0 from P0).",,,,,,,
30,2,s2_p8_001,s2_p8,pick up the object,"stage2,p8",p8,"reach +6, across +0",,,,,R-PICK,"Object on cell p8 (reach +6, across +0 from P0).",,,,,,,
31,2,s2_p5_001,s2_p5,pick up the object,"stage2,p5",p5,"reach +0, across +0",,,,,R-PICK,"Object on cell p5 (reach +0, across +0 from P0).",,,,,,,
32,2,s2_p6_001,s2_p6,pick up the object,"stage2,p6",p6,"reach +0, across +8",,,,,R-PICK,"Object on cell p6 (reach +0, across +8 from P0).",,,,,,,
33,2,s2_p4_001,s2_p4,pick up the object,"stage2,p4",p4,"reach +0, across -8",,,,,R-PICK,"Object on cell p4 (reach +0, across -8 from P0).",,,,,,,
34,2,s2_p9_001,s2_p9,pick up the object,"stage2,p9",p9,"reach +6, across +8",,,,,R-PICK,"Object on cell p9 (reach +6, across +8 from P0).",,,,,,,
35,2,s2_p7_001,s2_p7,pick up the object,"stage2,p7",p7,"reach +6, across -8",,,,,R-PICK,"Object on cell p7 (reach +6, across -8 from P0).",,,,,,,
36,2,s2_p1_001,s2_p1,pick up the object,"stage2,p1",p1,"reach -6, across -8",,,,,R-PICK,"Object on cell p1 (reach -6, across -8 from P0).",,,,,,,
37,2,s2_p3_001,s2_p3,pick up the object,"stage2,p3",p3,"reach -6, across +8",,,,,R-PICK,"Object on cell p3 (reach -6, across +8 from P0).",,,,,,,
38,2,s2_p7_002,s2_p7,pick up the object,"stage2,p7",p7,"reach +6, across -8",,,,,R-PICK,"Object on cell p7 (reach +6, across -8 from P0).",,,,,,,
39,2,s2_p6_002,s2_p6,pick up the object,"stage2,p6",p6,"reach +0, across +8",,,,,R-PICK,"Object on cell p6 (reach +0, across +8 from P0).",,,,,,,
40,2,s2_p1_002,s2_p1,pick up the object,"stage2,p1",p1,"reach -6, across -8",,,,,R-PICK,"Object on cell p1 (reach -6, across -8 from P0).",,,,,,,
41,2,s2_p9_002,s2_p9,pick up the object,"stage2,p9",p9,"reach +6, across +8",,,,,R-PICK,"Object on cell p9 (reach +6, across +8 from P0).",,,,,,,
42,2,s2_p5_002,s2_p5,pick up the object,"stage2,p5",p5,"reach +0, across +0",,,,,R-PICK,"Object on cell p5 (reach +0, across +0 from P0).",,,,,,,
43,2,s2_p4_002,s2_p4,pick up the object,"stage2,p4",p4,"reach +0, across -8",,,,,R-PICK,"Object on cell p4 (reach +0, across -8 from P0).",,,,,,,
44,2,s2_p2_002,s2_p2,pick up the object,"stage2,p2",p2,"reach -6, across +0",,,,,R-PICK,"Object on cell p2 (reach -6, across +0 from P0).",,,,,,,
45,2,s2_p8_002,s2_p8,pick up the object,"stage2,p8",p8,"reach +6, across +0",,,,,R-PICK,"Object on cell p8 (reach +6, across +0 from P0).",,,,,,,
46,2,s2_p3_002,s2_p3,pick up the object,"stage2,p3",p3,"reach -6, across +8",,,,,R-PICK,"Object on cell p3 (reach -6, across +8 from P0).",,,,,,,
47,2,s2_p7_003,s2_p7,pick up the object,"stage2,p7",p7,"reach +6, across -8",,,,,R-PICK,"Object on cell p7 (reach +6, across -8 from P0).",,,,,,,
48,2,s2_p5_003,s2_p5,pick up the object,"stage2,p5",p5,"reach +0, across +0",,,,,R-PICK,"Object on cell p5 (reach +0, across +0 from P0).",,,,,,,
49,2,s2_p1_003,s2_p1,pick up the object,"stage2,p1",p1,"reach -6, across -8",,,,,R-PICK,"Object on cell p1 (reach -6, across -8 from P0).",,,,,,,
50,2,s2_p6_003,s2_p6,pick up the object,"stage2,p6",p6,"reach +0, across +8",,,,,R-PICK,"Object on cell p6 (reach +0, across +8 from P0).",,,,,,,
51,2,s2_p8_003,s2_p8,pick up the object,"stage2,p8",p8,"reach +6, across +0",,,,,R-PICK,"Object on cell p8 (reach +6, across +0 from P0).",,,,,,,
52,2,s2_p3_003,s2_p3,pick up the object,"stage2,p3",p3,"reach -6, across +8",,,,,R-PICK,"Object on cell p3 (reach -6, across +8 from P0).",,,,,,,
53,2,s2_p9_003,s2_p9,pick up the object,"stage2,p9",p9,"reach +6, across +8",,,,,R-PICK,"Object on cell p9 (reach +6, across +8 from P0).",,,,,,,
54,2,s2_p4_003,s2_p4,pick up the object,"stage2,p4",p4,"reach +0, across -8",,,,,R-PICK,"Object on cell p4 (reach +0, across -8 from P0).",,,,,,,
55,2,s2_p2_003,s2_p2,pick up the object,"stage2,p2",p2,"reach -6, across +0",,,,,R-PICK,"Object on cell p2 (reach -6, across +0 from P0).",,,,,,,
56,2,s2_p3_004,s2_p3,pick up the object,"stage2,p3",p3,"reach -6, across +8",,,,,R-PICK,"Object on cell p3 (reach -6, across +8 from P0).",,,,,,,
57,2,s2_p1_004,s2_p1,pick up the object,"stage2,p1",p1,"reach -6, across -8",,,,,R-PICK,"Object on cell p1 (reach -6, across -8 from P0).",,,,,,,
58,2,s2_p5_004,s2_p5,pick up the object,"stage2,p5",p5,"reach +0, across +0",,,,,R-PICK,"Object on cell p5 (reach +0, across +0 from P0).",,,,,,,
59,2,s2_p7_004,s2_p7,pick up the object,"stage2,p7",p7,"reach +6, across -8",,,,,R-PICK,"Object on cell p7 (reach +6, across -8 from P0).",,,,,,,
60,2,s2_p6_004,s2_p6,pick up the object,"stage2,p6",p6,"reach +0, across +8",,,,,R-PICK,"Object on cell p6 (reach +0, across +8 from P0).",,,,,,,
61,2,s2_p9_004,s2_p9,pick up the object,"stage2,p9",p9,"reach +6, across +8",,,,,R-PICK,"Object on cell p9 (reach +6, across +8 from P0).",,,,,,,
62,2,s2_p8_004,s2_p8,pick up the object,"stage2,p8",p8,"reach +6, across +0",,,,,R-PICK,"Object on cell p8 (reach +6, across +0 from P0).",,,,,,,
63,2,s2_p2_004,s2_p2,pick up the object,"stage2,p2",p2,"reach -6, across +0",,,,,R-PICK,"Object on cell p2 (reach -6, across +0 from P0).",,,,,,,
64,2,s2_p4_004,s2_p4,pick up the object,"stage2,p4",p4,"reach +0, across -8",,,,,R-PICK,"Object on cell p4 (reach +0, across -8 from P0).",,,,,,,
65,2,s2_p1_005,s2_p1,pick up the object,"stage2,p1",p1,"reach -6, across -8",,,,,R-PICK,"Object on cell p1 (reach -6, across -8 from P0).",,,,,,,
66,2,s2_p8_005,s2_p8,pick up the object,"stage2,p8",p8,"reach +6, across +0",,,,,R-PICK,"Object on cell p8 (reach +6, across +0 from P0).",,,,,,,
67,2,s2_p2_005,s2_p2,pick up the object,"stage2,p2",p2,"reach -6, across +0",,,,,R-PICK,"Object on cell p2 (reach -6, across +0 from P0).",,,,,,,
68,2,s2_p3_005,s2_p3,pick up the object,"stage2,p3",p3,"reach -6, across +8",,,,,R-PICK,"Object on cell p3 (reach -6, across +8 from P0).",,,,,,,
69,2,s2_p9_005,s2_p9,pick up the object,"stage2,p9",p9,"reach +6, across +8",,,,,R-PICK,"Object on cell p9 (reach +6, across +8 from P0).",,,,,,,
70,2,s2_p6_005,s2_p6,pick up the object,"stage2,p6",p6,"reach +0, across +8",,,,,R-PICK,"Object on cell p6 (reach +0, across +8 from P0).",,,,,,,
71,2,s2_p7_005,s2_p7,pick up the object,"stage2,p7",p7,"reach +6, across -8",,,,,R-PICK,"Object on cell p7 (reach +6, across -8 from P0).",,,,,,,
72,2,s2_p5_005,s2_p5,pick up the object,"stage2,p5",p5,"reach +0, across +0",,,,,R-PICK,"Object on cell p5 (reach +0, across +0 from P0).",,,,,,,
73,2,s2_p4_005,s2_p4,pick up the object,"stage2,p4",p4,"reach +0, across -8",,,,,R-PICK,"Object on cell p4 (reach +0, across -8 from P0).",,,,,,,
74,3,s3_light_A_001,s3_light_A,pick up the object,"stage3,light_A,p9",p9,"reach +6, across +8",,,light_A,,R-PICK,"Light A: blinds open, daylight, no lamp. Object on p9. Record all five of one light before changing it.",,,,,,,
75,3,s3_light_A_002,s3_light_A,pick up the object,"stage3,light_A,p4",p4,"reach +0, across -8",,,light_A,,R-PICK,"Light A: blinds open, daylight, no lamp. Object on p4. Record all five of one light before changing it.",,,,,,,
76,3,s3_light_A_003,s3_light_A,pick up the object,"stage3,light_A,p7",p7,"reach +6, across -8",,,light_A,,R-PICK,"Light A: blinds open, daylight, no lamp. Object on p7. Record all five of one light before changing it.",,,,,,,
77,3,s3_light_A_004,s3_light_A,pick up the object,"stage3,light_A,p2",p2,"reach -6, across +0",,,light_A,,R-PICK,"Light A: blinds open, daylight, no lamp. Object on p2. Record all five of one light before changing it.",,,,,,,
78,3,s3_light_A_005,s3_light_A,pick up the object,"stage3,light_A,p3",p3,"reach -6, across +8",,,light_A,,R-PICK,"Light A: blinds open, daylight, no lamp. Object on p3. Record all five of one light before changing it.",,,,,,,
79,3,s3_light_B_001,s3_light_B,pick up the object,"stage3,light_B,p5",p5,"reach +0, across +0",,,light_B,,R-PICK,"Light B: blinds closed, desk lamp on. Object on p5. Record all five of one light before changing it.",,,,,,,
80,3,s3_light_B_002,s3_light_B,pick up the object,"stage3,light_B,p8",p8,"reach +6, across +0",,,light_B,,R-PICK,"Light B: blinds closed, desk lamp on. Object on p8. Record all five of one light before changing it.",,,,,,,
81,3,s3_light_B_003,s3_light_B,pick up the object,"stage3,light_B,p1",p1,"reach -6, across -8",,,light_B,,R-PICK,"Light B: blinds closed, desk lamp on. Object on p1. Record all five of one light before changing it.",,,,,,,
82,3,s3_light_B_004,s3_light_B,pick up the object,"stage3,light_B,p6",p6,"reach +0, across +8",,,light_B,,R-PICK,"Light B: blinds closed, desk lamp on. Object on p6. Record all five of one light before changing it.",,,,,,,
83,3,s3_light_B_005,s3_light_B,pick up the object,"stage3,light_B,p6",p6,"reach +0, across +8",,,light_B,,R-PICK,"Light B: blinds closed, desk lamp on. Object on p6. Record all five of one light before changing it.",,,,,,,
84,3,s3_distractor_001,s3_distractor,pick up the object,"stage3,distractor,p9",p9,"reach +6, across +8",,,,10 cm to the left,R-PICK,"Put a second object (a screwdriver or a cable coil) 10 cm to the left of the object, in the gripper's path but not touching it. Object on p9.",,,,,,,
85,3,s3_distractor_002,s3_distractor,pick up the object,"stage3,distractor,p2",p2,"reach -6, across +0",,,,10 cm to the right,R-PICK,"Put a second object (a screwdriver or a cable coil) 10 cm to the right of the object, in the gripper's path but not touching it. Object on p2.",,,,,,,
86,3,s3_distractor_003,s3_distractor,pick up the object,"stage3,distractor,p5",p5,"reach +0, across +0",,,,10 cm to the left,R-PICK,"Put a second object (a screwdriver or a cable coil) 10 cm to the left of the object, in the gripper's path but not touching it. Object on p5.",,,,,,,
87,3,s3_distractor_004,s3_distractor,pick up the object,"stage3,distractor,p3",p3,"reach -6, across +8",,,,10 cm to the right,R-PICK,"Put a second object (a screwdriver or a cable coil) 10 cm to the right of the object, in the gripper's path but not touching it. Object on p3.",,,,,,,
88,3,s3_distractor_005,s3_distractor,pick up the object,"stage3,distractor,p7",p7,"reach +6, across -8",,,,10 cm to the left,R-PICK,"Put a second object (a screwdriver or a cable coil) 10 cm to the left of the object, in the gripper's path but not touching it. Object on p7.",,,,,,,
89,3,s3_distractor_006,s3_distractor,pick up the object,"stage3,distractor,p6",p6,"reach +0, across +8",,,,10 cm to the right,R-PICK,"Put a second object (a screwdriver or a cable coil) 10 cm to the right of the object, in the gripper's path but not touching it. Object on p6.",,,,,,,
90,3,s3_distractor_007,s3_distractor,pick up the object,"stage3,distractor,p1",p1,"reach -6, across -8",,,,10 cm to the left,R-PICK,"Put a second object (a screwdriver or a cable coil) 10 cm to the left of the object, in the gripper's path but not touching it. Object on p1.",,,,,,,
91,3,s3_distractor_008,s3_distractor,pick up the object,"stage3,distractor,p4",p4,"reach +0, across -8",,,,10 cm to the right,R-PICK,"Put a second object (a screwdriver or a cable coil) 10 cm to the right of the object, in the gripper's path but not touching it. Object on p4.",,,,,,,
92,3,s3_distractor_009,s3_distractor,pick up the object,"stage3,distractor,p8",p8,"reach +6, across +0",,,,10 cm to the left,R-PICK,"Put a second object (a screwdriver or a cable coil) 10 cm to the left of the object, in the gripper's path but not touching it. Object on p8.",,,,,,,
93,3,s3_distractor_010,s3_distractor,pick up the object,"stage3,distractor,p9",p9,"reach +6, across +8",,,,10 cm to the right,R-PICK,"Put a second object (a screwdriver or a cable coil) 10 cm to the right of the object, in the gripper's path but not touching it. Object on p9.",,,,,,,
94,4,s4_c_001,s4_c,pick up the object,"stage4,recovery,recovery_c,p2",p2,"reach -6, across +0",,,,,R-RECOVER-C,"Missed: close on air a few cm to one side. Open (O), shift across (A/D), lower again, grasp, lift. Object on p2. It MUST end with the object lifted.",,,,,,,
95,4,s4_c_002,s4_c,pick up the object,"stage4,recovery,recovery_c,p4",p4,"reach +0, across -8",,,,,R-RECOVER-C,"Missed: close on air a few cm to one side. Open (O), shift across (A/D), lower again, grasp, lift. Object on p4. It MUST end with the object lifted.",,,,,,,
96,4,s4_a_001,s4_a,pick up the object,"stage4,recovery,recovery_a,p5",p5,"reach +0, across +0",,,,,R-RECOVER-A,"Grasp too high: close on the top third (the cap). Notice, open (O), lower, regrasp at mid-body, lift. Object on p5. It MUST end with the object lifted.",,,,,,,
97,4,s4_c_003,s4_c,pick up the object,"stage4,recovery,recovery_c,p6",p6,"reach +0, across +8",,,,,R-RECOVER-C,"Missed: close on air a few cm to one side. Open (O), shift across (A/D), lower again, grasp, lift. Object on p6. It MUST end with the object lifted.",,,,,,,
98,4,s4_b_001,s4_b,pick up the object,"stage4,recovery,recovery_b,p8",p8,"reach +6, across +0",,,,,R-RECOVER-B,"Object nudged: while approaching, push it ~3 cm sideways with a finger. Re-centre over it, then pick. Object on p8. It MUST end with the object lifted.",,,,,,,
99,4,s4_a_002,s4_a,pick up the object,"stage4,recovery,recovery_a,p2",p2,"reach -6, across +0",,,,,R-RECOVER-A,"Grasp too high: close on the top third (the cap). Notice, open (O), lower, regrasp at mid-body, lift. Object on p2. It MUST end with the object lifted.",,,,,,,
100,4,s4_b_002,s4_b,pick up the object,"stage4,recovery,recovery_b,p4",p4,"reach +0, across -8",,,,,R-RECOVER-B,"Object nudged: while approaching, push it ~3 cm sideways with a finger. Re-centre over it, then pick. Object on p4. It MUST end with the object lifted.",,,,,,,
101,4,s4_b_003,s4_b,pick up the object,"stage4,recovery,recovery_b,p5",p5,"reach +0, across +0",,,,,R-RECOVER-B,"Object nudged: while approaching, push it ~3 cm sideways with a finger. Re-centre over it, then pick. Object on p5. It MUST end with the object lifted.",,,,,,,
102,4,s4_b_004,s4_b,pick up the object,"stage4,recovery,recovery_b,p6",p6,"reach +0, across +8",,,,,R-RECOVER-B,"Object nudged: while approaching, push it ~3 cm sideways with a finger. Re-centre over it, then pick. Object on p6. It MUST end with the object lifted.",,,,,,,
103,4,s4_c_004,s4_c,pick up the object,"stage4,recovery,recovery_c,p8",p8,"reach +6, across +0",,,,,R-RECOVER-C,"Missed: close on air a few cm to one side. Open (O), shift across (A/D), lower again, grasp, lift. Object on p8. It MUST end with the object lifted.",,,,,,,
104,4,s4_a_003,s4_a,pick up the object,"stage4,recovery,recovery_a,p2",p2,"reach -6, across +0",,,,,R-RECOVER-A,"Grasp too high: close on the top third (the cap). Notice, open (O), lower, regrasp at mid-body, lift. Object on p2. It MUST end with the object lifted.",,,,,,,
105,4,s4_a_004,s4_a,pick up the object,"stage4,recovery,recovery_a,p4",p4,"reach +0, across -8",,,,,R-RECOVER-A,"Grasp too high: close on the top third (the cap). Notice, open (O), lower, regrasp at mid-body, lift. Object on p4. It MUST end with the object lifted.",,,,,,,
106,5,s5_t0_001,s5_t0,pick up the object and place it on the mark,"stage5,place,t0",p5,"reach +0, across +0",t0,"reach +0, across -16",,,R-PLACE,"Object on the P0 mark. Tape mark at t0 (reach +0, across -16 from P0). Pick, carry, lower, open, retreat.",,,,,,,
107,5,s5_t0_002,s5_t0,pick up the object and place it on the mark,"stage5,place,t0",p5,"reach +0, across +0",t0,"reach +0, across -16",,,R-PLACE,"Object on the P0 mark. Tape mark at t0 (reach +0, across -16 from P0). Pick, carry, lower, open, retreat.",,,,,,,
108,5,s5_t0_003,s5_t0,pick up the object and place it on the mark,"stage5,place,t0",p5,"reach +0, across +0",t0,"reach +0, across -16",,,R-PLACE,"Object on the P0 mark. Tape mark at t0 (reach +0, across -16 from P0). Pick, carry, lower, open, retreat.",,,,,,,
109,5,s5_t0_004,s5_t0,pick up the object and place it on the mark,"stage5,place,t0",p5,"reach +0, across +0",t0,"reach +0, across -16",,,R-PLACE,"Object on the P0 mark. Tape mark at t0 (reach +0, across -16 from P0). Pick, carry, lower, open, retreat.",,,,,,,
110,5,s5_t0_005,s5_t0,pick up the object and place it on the mark,"stage5,place,t0",p5,"reach +0, across +0",t0,"reach +0, across -16",,,R-PLACE,"Object on the P0 mark. Tape mark at t0 (reach +0, across -16 from P0). Pick, carry, lower, open, retreat.",,,,,,,
111,5,s5_t0_006,s5_t0,pick up the object and place it on the mark,"stage5,place,t0",p5,"reach +0, across +0",t0,"reach +0, across -16",,,R-PLACE,"Object on the P0 mark. Tape mark at t0 (reach +0, across -16 from P0). Pick, carry, lower, open, retreat.",,,,,,,
112,5,s5_t0_007,s5_t0,pick up the object and place it on the mark,"stage5,place,t0",p5,"reach +0, across +0",t0,"reach +0, across -16",,,R-PLACE,"Object on the P0 mark. Tape mark at t0 (reach +0, across -16 from P0). Pick, carry, lower, open, retreat.",,,,,,,
113,5,s5_t0_008,s5_t0,pick up the object and place it on the mark,"stage5,place,t0",p5,"reach +0, across +0",t0,"reach +0, across -16",,,R-PLACE,"Object on the P0 mark. Tape mark at t0 (reach +0, across -16 from P0). Pick, carry, lower, open, retreat.",,,,,,,
114,5,s5_t0_009,s5_t0,pick up the object and place it on the mark,"stage5,place,t0",p5,"reach +0, across +0",t0,"reach +0, across -16",,,R-PLACE,"Object on the P0 mark. Tape mark at t0 (reach +0, across -16 from P0). Pick, carry, lower, open, retreat.",,,,,,,
115,5,s5_t0_010,s5_t0,pick up the object and place it on the mark,"stage5,place,t0",p5,"reach +0, across +0",t0,"reach +0, across -16",,,R-PLACE,"Object on the P0 mark. Tape mark at t0 (reach +0, across -16 from P0). Pick, carry, lower, open, retreat.",,,,,,,
116,5,s5_t0_011,s5_t0,pick up the object and place it on the mark,"stage5,place,t0",p5,"reach +0, across +0",t0,"reach +0, across -16",,,R-PLACE,"Object on the P0 mark. Tape mark at t0 (reach +0, across -16 from P0). Pick, carry, lower, open, retreat.",,,,,,,
117,5,s5_t0_012,s5_t0,pick up the object and place it on the mark,"stage5,place,t0",p5,"reach +0, across +0",t0,"reach +0, across -16",,,R-PLACE,"Object on the P0 mark. Tape mark at t0 (reach +0, across -16 from P0). Pick, carry, lower, open, retreat.",,,,,,,
118,5,s5_t0_013,s5_t0,pick up the object and place it on the mark,"stage5,place,t0",p5,"reach +0, across +0",t0,"reach +0, across -16",,,R-PLACE,"Object on the P0 mark. Tape mark at t0 (reach +0, across -16 from P0). Pick, carry, lower, open, retreat.",,,,,,,
119,5,s5_t0_014,s5_t0,pick up the object and place it on the mark,"stage5,place,t0",p5,"reach +0, across +0",t0,"reach +0, across -16",,,R-PLACE,"Object on the P0 mark. Tape mark at t0 (reach +0, across -16 from P0). Pick, carry, lower, open, retreat.",,,,,,,
120,5,s5_t0_015,s5_t0,pick up the object and place it on the mark,"stage5,place,t0",p5,"reach +0, across +0",t0,"reach +0, across -16",,,R-PLACE,"Object on the P0 mark. Tape mark at t0 (reach +0, across -16 from P0). Pick, carry, lower, open, retreat.",,,,,,,
121,5,s5_t0_016,s5_t0,pick up the object and place it on the mark,"stage5,place,t0",p5,"reach +0, across +0",t0,"reach +0, across -16",,,R-PLACE,"Object on the P0 mark. Tape mark at t0 (reach +0, across -16 from P0). Pick, carry, lower, open, retreat.",,,,,,,
122,5,s5_t0_017,s5_t0,pick up the object and place it on the mark,"stage5,place,t0",p5,"reach +0, across +0",t0,"reach +0, across -16",,,R-PLACE,"Object on the P0 mark. Tape mark at t0 (reach +0, across -16 from P0). Pick, carry, lower, open, retreat.",,,,,,,
123,5,s5_t0_018,s5_t0,pick up the object and place it on the mark,"stage5,place,t0",p5,"reach +0, across +0",t0,"reach +0, across -16",,,R-PLACE,"Object on the P0 mark. Tape mark at t0 (reach +0, across -16 from P0). Pick, carry, lower, open, retreat.",,,,,,,
124,5,s5_t0_019,s5_t0,pick up the object and place it on the mark,"stage5,place,t0",p5,"reach +0, across +0",t0,"reach +0, across -16",,,R-PLACE,"Object on the P0 mark. Tape mark at t0 (reach +0, across -16 from P0). Pick, carry, lower, open, retreat.",,,,,,,
125,5,s5_t0_020,s5_t0,pick up the object and place it on the mark,"stage5,place,t0",p5,"reach +0, across +0",t0,"reach +0, across -16",,,R-PLACE,"Object on the P0 mark. Tape mark at t0 (reach +0, across -16 from P0). Pick, carry, lower, open, retreat.",,,,,,,
126,5,s5_t0_021,s5_t0,pick up the object and place it on the mark,"stage5,place,t0",p5,"reach +0, across +0",t0,"reach +0, across -16",,,R-PLACE,"Object on the P0 mark. Tape mark at t0 (reach +0, across -16 from P0). Pick, carry, lower, open, retreat.",,,,,,,
127,5,s5_t0_022,s5_t0,pick up the object and place it on the mark,"stage5,place,t0",p5,"reach +0, across +0",t0,"reach +0, across -16",,,R-PLACE,"Object on the P0 mark. Tape mark at t0 (reach +0, across -16 from P0). Pick, carry, lower, open, retreat.",,,,,,,
128,5,s5_t0_023,s5_t0,pick up the object and place it on the mark,"stage5,place,t0",p5,"reach +0, across +0",t0,"reach +0, across -16",,,R-PLACE,"Object on the P0 mark. Tape mark at t0 (reach +0, across -16 from P0). Pick, carry, lower, open, retreat.",,,,,,,
129,5,s5_t0_024,s5_t0,pick up the object and place it on the mark,"stage5,place,t0",p5,"reach +0, across +0",t0,"reach +0, across -16",,,R-PLACE,"Object on the P0 mark. Tape mark at t0 (reach +0, across -16 from P0). Pick, carry, lower, open, retreat.",,,,,,,
130,5,s5_t0_025,s5_t0,pick up the object and place it on the mark,"stage5,place,t0",p5,"reach +0, across +0",t0,"reach +0, across -16",,,R-PLACE,"Object on the P0 mark. Tape mark at t0 (reach +0, across -16 from P0). Pick, carry, lower, open, retreat.",,,,,,,
131,5,s5_t2_001,s5_t2,pick up the object and place it on the mark,"stage5,place,t2",p5,"reach +0, across +0",t2,"reach -6, across -16",,,R-PLACE,"Object on the P0 mark. Tape mark at t2 (reach -6, across -16 from P0). Pick, carry, lower, open, retreat.",,,,,,,
132,5,s5_t3_001,s5_t3,pick up the object and place it on the mark,"stage5,place,t3",p5,"reach +0, across +0",t3,"reach +0, across -24",,,R-PLACE,"Object on the P0 mark. Tape mark at t3 (reach +0, across -24 from P0). Pick, carry, lower, open, retreat.",,,,,,,
133,5,s5_t3_002,s5_t3,pick up the object and place it on the mark,"stage5,place,t3",p5,"reach +0, across +0",t3,"reach +0, across -24",,,R-PLACE,"Object on the P0 mark. Tape mark at t3 (reach +0, across -24 from P0). Pick, carry, lower, open, retreat.",,,,,,,
134,5,s5_t2_002,s5_t2,pick up the object and place it on the mark,"stage5,place,t2",p5,"reach +0, across +0",t2,"reach -6, across -16",,,R-PLACE,"Object on the P0 mark. Tape mark at t2 (reach -6, across -16 from P0). Pick, carry, lower, open, retreat.",,,,,,,
135,5,s5_t1_001,s5_t1,pick up the object and place it on the mark,"stage5,place,t1",p5,"reach +0, across +0",t1,"reach +6, across -16",,,R-PLACE,"Object on the P0 mark. Tape mark at t1 (reach +6, across -16 from P0). Pick, carry, lower, open, retreat.",,,,,,,
136,5,s5_t2_003,s5_t2,pick up the object and place it on the mark,"stage5,place,t2",p5,"reach +0, across +0",t2,"reach -6, across -16",,,R-PLACE,"Object on the P0 mark. Tape mark at t2 (reach -6, across -16 from P0). Pick, carry, lower, open, retreat.",,,,,,,
137,5,s5_t1_002,s5_t1,pick up the object and place it on the mark,"stage5,place,t1",p5,"reach +0, across +0",t1,"reach +6, across -16",,,R-PLACE,"Object on the P0 mark. Tape mark at t1 (reach +6, across -16 from P0). Pick, carry, lower, open, retreat.",,,,,,,
138,5,s5_t1_003,s5_t1,pick up the object and place it on the mark,"stage5,place,t1",p5,"reach +0, across +0",t1,"reach +6, across -16",,,R-PLACE,"Object on the P0 mark. Tape mark at t1 (reach +6, across -16 from P0). Pick, carry, lower, open, retreat.",,,,,,,
139,5,s5_t1_004,s5_t1,pick up the object and place it on the mark,"stage5,place,t1",p5,"reach +0, across +0",t1,"reach +6, across -16",,,R-PLACE,"Object on the P0 mark. Tape mark at t1 (reach +6, across -16 from P0). Pick, carry, lower, open, retreat.",,,,,,,
140,5,s5_t3_003,s5_t3,pick up the object and place it on the mark,"stage5,place,t3",p5,"reach +0, across +0",t3,"reach +0, across -24",,,R-PLACE,"Object on the P0 mark. Tape mark at t3 (reach +0, across -24 from P0). Pick, carry, lower, open, retreat.",,,,,,,
141,5,s5_t1_005,s5_t1,pick up the object and place it on the mark,"stage5,place,t1",p5,"reach +0, across +0",t1,"reach +6, across -16",,,R-PLACE,"Object on the P0 mark. Tape mark at t1 (reach +6, across -16 from P0). Pick, carry, lower, open, retreat.",,,,,,,
142,5,s5_t2_004,s5_t2,pick up the object and place it on the mark,"stage5,place,t2",p5,"reach +0, across +0",t2,"reach -6, across -16",,,R-PLACE,"Object on the P0 mark. Tape mark at t2 (reach -6, across -16 from P0). Pick, carry, lower, open, retreat.",,,,,,,
143,5,s5_t3_004,s5_t3,pick up the object and place it on the mark,"stage5,place,t3",p5,"reach +0, across +0",t3,"reach +0, across -24",,,R-PLACE,"Object on the P0 mark. Tape mark at t3 (reach +0, across -24 from P0). Pick, carry, lower, open, retreat.",,,,,,,
144,5,s5_t2_005,s5_t2,pick up the object and place it on the mark,"stage5,place,t2",p5,"reach +0, across +0",t2,"reach -6, across -16",,,R-PLACE,"Object on the P0 mark. Tape mark at t2 (reach -6, across -16 from P0). Pick, carry, lower, open, retreat.",,,,,,,
145,5,s5_t3_005,s5_t3,pick up the object and place it on the mark,"stage5,place,t3",p5,"reach +0, across +0",t3,"reach +0, across -24",,,R-PLACE,"Object on the P0 mark. Tape mark at t3 (reach +0, across -24 from P0). Pick, carry, lower, open, retreat.",,,,,,,
146,6,s6_ok_001,s6_ok,pick up the object,"verifier,ok,p4",p4,"reach +0, across -8",,,,,R-PICK,"A normal, clean pick. Object on p4. Label: OK.",,,,,,,
147,6,s6_ok_002,s6_ok,pick up the object,"verifier,ok,p1",p1,"reach -6, across -8",,,,,R-PICK,"A normal, clean pick. Object on p1. Label: OK.",,,,,,,
148,6,s6_ok_003,s6_ok,pick up the object,"verifier,ok,p4",p4,"reach +0, across -8",,,,,R-PICK,"A normal, clean pick. Object on p4. Label: OK.",,,,,,,
149,6,s6_ok_004,s6_ok,pick up the object,"verifier,ok,p5",p5,"reach +0, across +0",,,,,R-PICK,"A normal, clean pick. Object on p5. Label: OK.",,,,,,,
150,6,s6_ok_005,s6_ok,pick up the object,"verifier,ok,p3",p3,"reach -6, across +8",,,,,R-PICK,"A normal, clean pick. Object on p3. Label: OK.",,,,,,,
151,6,s6_ok_006,s6_ok,pick up the object,"verifier,ok,p2",p2,"reach -6, across +0",,,,,R-PICK,"A normal, clean pick. Object on p2. Label: OK.",,,,,,,
152,6,s6_ok_place_001,s6_ok_place,pick up the object and place it on the mark,"verifier,ok,t0",p5,"reach +0, across +0",t0,"reach +0, across -16",,,R-PLACE,"A normal, clean place on t0. Label: OK.",,,,,,,
153,6,s6_ok_place_002,s6_ok_place,pick up the object and place it on the mark,"verifier,ok,t1",p5,"reach +0, across +0",t1,"reach +6, across -16",,,R-PLACE,"A normal, clean place on t1. Label: OK.",,,,,,,
154,6,s6_ok_place_003,s6_ok_place,pick up the object and place it on the mark,"verifier,ok,t2",p5,"reach +0, across +0",t2,"reach -6, across -16",,,R-PLACE,"A normal, clean place on t2. Label: OK.",,,,,,,
155,6,s6_ok_place_004,s6_ok_place,pick up the object and place it on the mark,"verifier,ok,t3",p5,"reach +0, across +0",t3,"reach +0, across -24",,,R-PLACE,"A normal, clean place on t3. Label: OK.",,,,,,,
156,6,s6_fail_drop_001,s6_fail_drop,pick up the object,"verifier,fail,drop",p9,"reach +6, across +8",,,,,R-FAIL-DROP,"Grasp properly, lift 5 cm, then open (O) so it falls. Label: FAIL (dropped). Object on p9.",,,,,,,
157,6,s6_fail_abort_001,s6_fail_abort,pick up the object and place it on the mark,"verifier,fail,abort",p3,"reach -6, across +8",t0,"reach +0, across -16",,,R-FAIL-ABORT,"Pick fine, carry it, then stop recording before releasing. Label: FAIL (aborted). Object on p3. Mark at t0.",,,,,,,
158,6,s6_fail_miss_001,s6_fail_miss,pick up the object,"verifier,fail,miss",p6,"reach +0, across +8",,,,,R-FAIL-MISS,"Close the gripper on air beside the object, then lift. Label: FAIL (missed). Object on p6.",,,,,,,
159,6,s6_fail_abort_002,s6_fail_abort,pick up the object and place it on the mark,"verifier,fail,abort",p5,"reach +0, across +0",t0,"reach +0, across -16",,,R-FAIL-ABORT,"Pick fine, carry it, then stop recording before releasing. Label: FAIL (aborted). Object on p5. Mark at t0.",,,,,,,
160,6,s6_fail_miss_002,s6_fail_miss,pick up the object,"verifier,fail,miss",p7,"reach +6, across -8",,,,,R-FAIL-MISS,"Close the gripper on air beside the object, then lift. Label: FAIL (missed). Object on p7.",,,,,,,
161,6,s6_fail_drop_002,s6_fail_drop,pick up the object,"verifier,fail,drop",p1,"reach -6, across -8",,,,,R-FAIL-DROP,"Grasp properly, lift 5 cm, then open (O) so it falls. Label: FAIL (dropped). Object on p1.",,,,,,,
162,6,s6_fail_offtarget_001,s6_fail_offtarget,pick up the object and place it on the mark,"verifier,fail,offtarget",p4,"reach +0, across -8",t1,"reach +6, across -16",,,R-FAIL-OFFTARGET,"Pick fine, place the object 6 cm or more away from the mark. Label: FAIL (off target). Object on p4. Mark at t1.",,,,,,,
163,6,s6_fail_miss_003,s6_fail_miss,pick up the object,"verifier,fail,miss",p5,"reach +0, across +0",,,,,R-FAIL-MISS,"Close the gripper on air beside the object, then lift. Label: FAIL (missed). Object on p5.",,,,,,,
164,6,s6_fail_drop_003,s6_fail_drop,pick up the object,"verifier,fail,drop",p7,"reach +6, across -8",,,,,R-FAIL-DROP,"Grasp properly, lift 5 cm, then open (O) so it falls. Label: FAIL (dropped). Object on p7.",,,,,,,
165,6,s6_fail_offtarget_002,s6_fail_offtarget,pick up the object and place it on the mark,"verifier,fail,offtarget",p7,"reach +6, across -8",t0,"reach +0, across -16",,,R-FAIL-OFFTARGET,"Pick fine, place the object 6 cm or more away from the mark. Label: FAIL (off target). Object on p7. Mark at t0.",,,,,,,
